step	slot_id	agent_id	is_temporary
1	CQ1	ISS00	False
1	CQ2	ISS01	False
1	CQ3	ISS02	False
1	CQ4	ISS03	False
1	CQ5	ISS04	False
1	CQ6	ISS05	False
1	CQ7	ISS06	False
1	Kibo	ISS08	True
1	Dragon	ISS09	True
1	Airlock	ISS07	True
2	CQ1	ISS00	False
2	CQ2	ISS01	False
2	CQ3	ISS02	False
2	CQ4	ISS03	False
2	CQ5	ISS04	False
2	CQ6	ISS05	False
2	CQ7	ISS06	False
2	Kibo	ISS09	True
2	Dragon	ISS07	True
2	Airlock	ISS08	True
3	CQ1	ISS00	False
3	CQ2	ISS01	False
3	CQ3	ISS02	False
3	CQ4	ISS03	False
3	CQ5	ISS04	False
3	CQ6	ISS05	False
3	CQ7	ISS06	False
3	Kibo	ISS07	True
3	Dragon	ISS08	True
3	Airlock	ISS09	True
4	CQ1	ISS00	False
4	CQ2	ISS01	False
4	CQ3	ISS02	False
4	CQ4	ISS03	False
4	CQ5	ISS04	False
4	CQ6	ISS05	False
4	CQ7	ISS06	False
4	Kibo	ISS08	True
4	Dragon	ISS09	True
4	Airlock	ISS07	True
5	CQ1	ISS00	False
5	CQ2	ISS01	False
5	CQ3	ISS02	False
5	CQ4	ISS03	False
5	CQ5	ISS04	False
5	CQ6	ISS05	False
5	CQ7	ISS06	False
5	Kibo	ISS09	True
5	Dragon	ISS07	True
5	Airlock	ISS08	True
6	CQ1	ISS00	False
6	CQ2	ISS01	False
6	CQ3	ISS02	False
6	CQ4	ISS03	False
6	CQ5	ISS04	False
6	CQ6	ISS05	False
6	CQ7	ISS06	False
6	Kibo	ISS07	True
6	Dragon	ISS08	True
6	Airlock	ISS09	True
7	CQ1	ISS00	False
7	CQ2	ISS01	False
7	CQ3	ISS02	False
7	CQ4	ISS03	False
7	CQ5	ISS04	False
7	CQ6	ISS05	False
7	CQ7	ISS06	False
7	Kibo	ISS08	True
7	Dragon	ISS09	True
7	Airlock	ISS07	True
8	CQ1	ISS00	False
8	CQ2	ISS01	False
8	CQ3	ISS02	False
8	CQ4	ISS03	False
8	CQ5	ISS04	False
8	CQ6	ISS05	False
8	CQ7	ISS06	False
8	Kibo	ISS09	True
8	Dragon	ISS07	True
8	Airlock	ISS08	True
9	CQ1	ISS00	False
9	CQ2	ISS01	False
9	CQ3	ISS02	False
9	CQ4	ISS03	False
9	CQ5	ISS04	False
9	CQ6	ISS05	False
9	CQ7	ISS06	False
9	Kibo	ISS07	True
9	Dragon	ISS08	True
9	Airlock	ISS09	True
10	CQ1	ISS00	False
10	CQ2	ISS01	False
10	CQ3	ISS02	False
10	CQ4	ISS03	False
10	CQ5	ISS04	False
10	CQ6	ISS05	False
10	CQ7	ISS06	False
10	Kibo	ISS08	True
10	Dragon	ISS09	True
10	Airlock	ISS07	True
11	CQ1	ISS00	False
11	CQ2	ISS01	False
11	CQ3	ISS02	False
11	CQ4	ISS03	False
11	CQ5	ISS04	False
11	CQ6	ISS05	False
11	CQ7	ISS06	False
11	Kibo	ISS09	True
11	Dragon	ISS07	True
11	Airlock	ISS08	True
12	CQ1	ISS00	False
12	CQ2	ISS01	False
12	CQ3	ISS02	False
12	CQ4	ISS03	False
12	CQ5	ISS04	False
12	CQ6	ISS05	False
12	CQ7	ISS06	False
12	Kibo	ISS07	True
12	Dragon	ISS08	True
12	Airlock	ISS09	True
13	CQ1	ISS00	False
13	CQ2	ISS01	False
13	CQ3	ISS02	False
13	CQ4	ISS03	False
13	CQ5	ISS04	False
13	CQ6	ISS05	False
13	CQ7	ISS06	False
13	Kibo	ISS08	True
13	Dragon	ISS09	True
13	Airlock	ISS07	True
14	CQ1	ISS00	False
14	CQ2	ISS01	False
14	CQ3	ISS02	False
14	CQ4	ISS03	False
14	CQ5	ISS04	False
14	CQ6	ISS05	False
14	CQ7	ISS06	False
14	Kibo	ISS09	True
14	Dragon	ISS07	True
14	Airlock	ISS08	True
15	CQ1	ISS00	False
15	CQ2	ISS01	False
15	CQ3	ISS02	False
15	CQ4	ISS03	False
15	CQ5	ISS04	False
15	CQ6	ISS05	False
15	CQ7	ISS06	False
15	Kibo	ISS07	True
15	Dragon	ISS08	True
15	Airlock	ISS09	True
16	CQ1	ISS00	False
16	CQ2	ISS01	False
16	CQ3	ISS02	False
16	CQ4	ISS03	False
16	CQ5	ISS04	False
16	CQ6	ISS05	False
16	CQ7	ISS06	False
16	Kibo	ISS08	True
16	Dragon	ISS09	True
16	Airlock	ISS07	True
17	CQ1	ISS00	False
17	CQ2	ISS01	False
17	CQ3	ISS02	False
17	CQ4	ISS03	False
17	CQ5	ISS04	False
17	CQ6	ISS05	False
17	CQ7	ISS06	False
17	Kibo	ISS09	True
17	Dragon	ISS07	True
17	Airlock	ISS08	True
18	CQ1	ISS00	False
18	CQ2	ISS01	False
18	CQ3	ISS02	False
18	CQ4	ISS03	False
18	CQ5	ISS04	False
18	CQ6	ISS05	False
18	CQ7	ISS06	False
18	Kibo	ISS07	True
18	Dragon	ISS08	True
18	Airlock	ISS09	True
19	CQ1	ISS00	False
19	CQ2	ISS01	False
19	CQ3	ISS02	False
19	CQ4	ISS03	False
19	CQ5	ISS04	False
19	CQ6	ISS05	False
19	CQ7	ISS06	False
19	Kibo	ISS08	True
19	Dragon	ISS09	True
19	Airlock	ISS07	True
20	CQ1	ISS00	False
20	CQ2	ISS01	False
20	CQ3	ISS02	False
20	CQ4	ISS03	False
20	CQ5	ISS04	False
20	CQ6	ISS05	False
20	CQ7	ISS06	False
20	Kibo	ISS09	True
20	Dragon	ISS07	True
20	Airlock	ISS08	True
21	CQ1	ISS00	False
21	CQ2	ISS01	False
21	CQ3	ISS02	False
21	CQ4	ISS03	False
21	CQ5	ISS04	False
21	CQ6	ISS05	False
21	CQ7	ISS06	False
21	Kibo	ISS07	True
21	Dragon	ISS08	True
21	Airlock	ISS09	True
22	CQ1	ISS00	False
22	CQ2	ISS01	False
22	CQ3	ISS02	False
22	CQ4	ISS03	False
22	CQ5	ISS04	False
22	CQ6	ISS05	False
22	CQ7	ISS06	False
22	Kibo	ISS08	True
22	Dragon	ISS09	True
22	Airlock	ISS07	True
23	CQ1	ISS00	False
23	CQ2	ISS01	False
23	CQ3	ISS02	False
23	CQ4	ISS03	False
23	CQ5	ISS04	False
23	CQ6	ISS05	False
23	CQ7	ISS06	False
23	Kibo	ISS09	True
23	Dragon	ISS07	True
23	Airlock	ISS08	True
24	CQ1	ISS00	False
24	CQ2	ISS01	False
24	CQ3	ISS02	False
24	CQ4	ISS03	False
24	CQ5	ISS04	False
24	CQ6	ISS05	False
24	CQ7	ISS06	False
24	Kibo	ISS07	True
24	Dragon	ISS08	True
24	Airlock	ISS09	True
25	CQ1	ISS00	False
25	CQ2	ISS01	False
25	CQ3	ISS02	False
25	CQ4	ISS03	False
25	CQ5	ISS04	False
25	CQ6	ISS05	False
25	CQ7	ISS06	False
25	Kibo	ISS08	True
25	Dragon	ISS09	True
25	Airlock	ISS07	True
26	CQ1	ISS00	False
26	CQ2	ISS01	False
26	CQ3	ISS02	False
26	CQ4	ISS03	False
26	CQ5	ISS04	False
26	CQ6	ISS05	False
26	CQ7	ISS06	False
26	Kibo	ISS09	True
26	Dragon	ISS07	True
26	Airlock	ISS08	True
27	CQ1	ISS00	False
27	CQ2	ISS01	False
27	CQ3	ISS02	False
27	CQ4	ISS03	False
27	CQ5	ISS04	False
27	CQ6	ISS05	False
27	CQ7	ISS06	False
27	Kibo	ISS07	True
27	Dragon	ISS08	True
27	Airlock	ISS09	True
28	CQ1	ISS00	False
28	CQ2	ISS01	False
28	CQ3	ISS02	False
28	CQ4	ISS03	False
28	CQ5	ISS04	False
28	CQ6	ISS05	False
28	CQ7	ISS06	False
28	Kibo	ISS08	True
28	Dragon	ISS09	True
28	Airlock	ISS07	True
29	CQ1	ISS00	False
29	CQ2	ISS01	False
29	CQ3	ISS02	False
29	CQ4	ISS03	False
29	CQ5	ISS04	False
29	CQ6	ISS05	False
29	CQ7	ISS06	False
29	Kibo	ISS09	True
29	Dragon	ISS07	True
29	Airlock	ISS08	True
30	CQ1	ISS00	False
30	CQ2	ISS01	False
30	CQ3	ISS02	False
30	CQ4	ISS03	False
30	CQ5	ISS04	False
30	CQ6	ISS05	False
30	CQ7	ISS06	False
30	Kibo	ISS07	True
30	Dragon	ISS08	True
30	Airlock	ISS09	True
31	CQ1	ISS00	False
31	CQ2	ISS01	False
31	CQ3	ISS02	False
31	CQ4	ISS03	False
31	CQ5	ISS04	False
31	CQ6	ISS05	False
31	CQ7	ISS06	False
31	Kibo	ISS08	True
31	Dragon	ISS09	True
31	Airlock	ISS07	True
32	CQ1	ISS00	False
32	CQ2	ISS01	False
32	CQ3	ISS02	False
32	CQ4	ISS03	False
32	CQ5	ISS04	False
32	CQ6	ISS05	False
32	CQ7	ISS06	False
32	Kibo	ISS09	True
32	Dragon	ISS07	True
32	Airlock	ISS08	True
33	CQ1	ISS00	False
33	CQ2	ISS01	False
33	CQ3	ISS02	False
33	CQ4	ISS03	False
33	CQ5	ISS04	False
33	CQ6	ISS05	False
33	CQ7	ISS06	False
33	Kibo	ISS07	True
33	Dragon	ISS08	True
33	Airlock	ISS09	True
34	CQ1	ISS00	False
34	CQ2	ISS01	False
34	CQ3	ISS02	False
34	CQ4	ISS03	False
34	CQ5	ISS04	False
34	CQ6	ISS05	False
34	CQ7	ISS06	False
34	Kibo	ISS08	True
34	Dragon	ISS09	True
34	Airlock	ISS07	True
35	CQ1	ISS00	False
35	CQ2	ISS01	False
35	CQ3	ISS02	False
35	CQ4	ISS03	False
35	CQ5	ISS04	False
35	CQ6	ISS05	False
35	CQ7	ISS06	False
35	Kibo	ISS09	True
35	Dragon	ISS07	True
35	Airlock	ISS08	True
36	CQ1	ISS00	False
36	CQ2	ISS01	False
36	CQ3	ISS02	False
36	CQ4	ISS03	False
36	CQ5	ISS04	False
36	CQ6	ISS05	False
36	CQ7	ISS06	False
36	Kibo	ISS07	True
36	Dragon	ISS08	True
36	Airlock	ISS09	True
37	CQ1	ISS00	False
37	CQ2	ISS01	False
37	CQ3	ISS02	False
37	CQ4	ISS03	False
37	CQ5	ISS04	False
37	CQ6	ISS05	False
37	CQ7	ISS06	False
37	Kibo	ISS08	True
37	Dragon	ISS09	True
37	Airlock	ISS07	True
38	CQ1	ISS00	False
38	CQ2	ISS01	False
38	CQ3	ISS02	False
38	CQ4	ISS03	False
38	CQ5	ISS04	False
38	CQ6	ISS05	False
38	CQ7	ISS06	False
38	Kibo	ISS09	True
38	Dragon	ISS07	True
38	Airlock	ISS08	True
39	CQ1	ISS00	False
39	CQ2	ISS01	False
39	CQ3	ISS02	False
39	CQ4	ISS03	False
39	CQ5	ISS04	False
39	CQ6	ISS05	False
39	CQ7	ISS06	False
39	Kibo	ISS07	True
39	Dragon	ISS08	True
39	Airlock	ISS09	True
40	CQ1	ISS00	False
40	CQ2	ISS01	False
40	CQ3	ISS02	False
40	CQ4	ISS03	False
40	CQ5	ISS04	False
40	CQ6	ISS05	False
40	CQ7	ISS06	False
40	Kibo	ISS08	True
40	Dragon	ISS09	True
40	Airlock	ISS07	True
41	CQ1	ISS00	False
41	CQ2	ISS01	False
41	CQ3	ISS02	False
41	CQ4	ISS03	False
41	CQ5	ISS04	False
41	CQ6	ISS05	False
41	CQ7	ISS06	False
41	Kibo	ISS09	True
41	Dragon	ISS07	True
41	Airlock	ISS08	True
42	CQ1	ISS00	False
42	CQ2	ISS01	False
42	CQ3	ISS02	False
42	CQ4	ISS03	False
42	CQ5	ISS04	False
42	CQ6	ISS05	False
42	CQ7	ISS06	False
42	Kibo	ISS07	True
42	Dragon	ISS08	True
42	Airlock	ISS09	True
43	CQ1	ISS00	False
43	CQ2	ISS01	False
43	CQ3	ISS02	False
43	CQ4	ISS03	False
43	CQ5	ISS04	False
43	CQ6	ISS05	False
43	CQ7	ISS06	False
43	Kibo	ISS08	True
43	Dragon	ISS09	True
43	Airlock	ISS07	True
44	CQ1	ISS00	False
44	CQ2	ISS01	False
44	CQ3	ISS02	False
44	CQ4	ISS03	False
44	CQ5	ISS04	False
44	CQ6	ISS05	False
44	CQ7	ISS06	False
44	Kibo	ISS09	True
44	Dragon	ISS07	True
44	Airlock	ISS08	True
45	CQ1	ISS00	False
45	CQ2	ISS01	False
45	CQ3	ISS02	False
45	CQ4	ISS03	False
45	CQ5	ISS04	False
45	CQ6	ISS05	False
45	CQ7	ISS06	False
45	Kibo	ISS07	True
45	Dragon	ISS08	True
45	Airlock	ISS09	True
46	CQ1	ISS00	False
46	CQ2	ISS01	False
46	CQ3	ISS02	False
46	CQ4	ISS03	False
46	CQ5	ISS04	False
46	CQ6	ISS05	False
46	CQ7	ISS06	False
46	Kibo	ISS08	True
46	Dragon	ISS09	True
46	Airlock	ISS07	True
47	CQ1	ISS00	False
47	CQ2	ISS01	False
47	CQ3	ISS02	False
47	CQ4	ISS03	False
47	CQ5	ISS04	False
47	CQ6	ISS05	False
47	CQ7	ISS06	False
47	Kibo	ISS09	True
47	Dragon	ISS07	True
47	Airlock	ISS08	True
48	CQ1	ISS00	False
48	CQ2	ISS01	False
48	CQ3	ISS02	False
48	CQ4	ISS03	False
48	CQ5	ISS04	False
48	CQ6	ISS05	False
48	CQ7	ISS06	False
48	Kibo	ISS07	True
48	Dragon	ISS08	True
48	Airlock	ISS09	True
49	CQ1	ISS00	False
49	CQ2	ISS01	False
49	CQ3	ISS02	False
49	CQ4	ISS03	False
49	CQ5	ISS04	False
49	CQ6	ISS05	False
49	CQ7	ISS06	False
49	Kibo	ISS08	True
49	Dragon	ISS09	True
49	Airlock	ISS07	True
50	CQ1	ISS00	False
50	CQ2	ISS01	False
50	CQ3	ISS02	False
50	CQ4	ISS03	False
50	CQ5	ISS04	False
50	CQ6	ISS05	False
50	CQ7	ISS06	False
50	Kibo	ISS09	True
50	Dragon	ISS07	True
50	Airlock	ISS08	True
51	CQ1	ISS00	False
51	CQ2	ISS01	False
51	CQ3	ISS02	False
51	CQ4	ISS03	False
51	CQ5	ISS04	False
51	CQ6	ISS05	False
51	CQ7	ISS06	False
51	Kibo	ISS07	True
51	Dragon	ISS08	True
51	Airlock	ISS09	True
52	CQ1	ISS00	False
52	CQ2	ISS01	False
52	CQ3	ISS02	False
52	CQ4	ISS03	False
52	CQ5	ISS04	False
52	CQ6	ISS05	False
52	CQ7	ISS06	False
52	Kibo	ISS08	True
52	Dragon	ISS09	True
52	Airlock	ISS07	True
53	CQ1	ISS00	False
53	CQ2	ISS01	False
53	CQ3	ISS02	False
53	CQ4	ISS03	False
53	CQ5	ISS04	False
53	CQ6	ISS05	False
53	CQ7	ISS06	False
53	Kibo	ISS09	True
53	Dragon	ISS07	True
53	Airlock	ISS08	True
54	CQ1	ISS00	False
54	CQ2	ISS01	False
54	CQ3	ISS02	False
54	CQ4	ISS03	False
54	CQ5	ISS04	False
54	CQ6	ISS05	False
54	CQ7	ISS06	False
54	Kibo	ISS07	True
54	Dragon	ISS08	True
54	Airlock	ISS09	True
55	CQ1	ISS00	False
55	CQ2	ISS01	False
55	CQ3	ISS02	False
55	CQ4	ISS03	False
55	CQ5	ISS04	False
55	CQ6	ISS05	False
55	CQ7	ISS06	False
55	Kibo	ISS08	True
55	Dragon	ISS09	True
55	Airlock	ISS07	True
56	CQ1	ISS00	False
56	CQ2	ISS01	False
56	CQ3	ISS02	False
56	CQ4	ISS03	False
56	CQ5	ISS04	False
56	CQ6	ISS05	False
56	CQ7	ISS06	False
56	Kibo	ISS09	True
56	Dragon	ISS07	True
56	Airlock	ISS08	True
57	CQ1	ISS00	False
57	CQ2	ISS01	False
57	CQ3	ISS02	False
57	CQ4	ISS03	False
57	CQ5	ISS04	False
57	CQ6	ISS05	False
57	CQ7	ISS06	False
57	Kibo	ISS07	True
57	Dragon	ISS08	True
57	Airlock	ISS09	True
58	CQ1	ISS00	False
58	CQ2	ISS01	False
58	CQ3	ISS02	False
58	CQ4	ISS03	False
58	CQ5	ISS04	False
58	CQ6	ISS05	False
58	CQ7	ISS06	False
58	Kibo	ISS08	True
58	Dragon	ISS09	True
58	Airlock	ISS07	True
59	CQ1	ISS00	False
59	CQ2	ISS01	False
59	CQ3	ISS02	False
59	CQ4	ISS03	False
59	CQ5	ISS04	False
59	CQ6	ISS05	False
59	CQ7	ISS06	False
59	Kibo	ISS09	True
59	Dragon	ISS07	True
59	Airlock	ISS08	True
60	CQ1	ISS00	False
60	CQ2	ISS01	False
60	CQ3	ISS02	False
60	CQ4	ISS03	False
60	CQ5	ISS04	False
60	CQ6	ISS05	False
60	CQ7	ISS06	False
60	Kibo	ISS07	True
60	Dragon	ISS08	True
60	Airlock	ISS09	True
61	CQ1	ISS00	False
61	CQ2	ISS01	False
61	CQ3	ISS02	False
61	CQ4	ISS03	False
61	CQ5	ISS04	False
61	CQ6	ISS05	False
61	CQ7	ISS06	False
61	Kibo	ISS08	True
61	Dragon	ISS09	True
61	Airlock	ISS07	True
62	CQ1	ISS00	False
62	CQ2	ISS01	False
62	CQ3	ISS02	False
62	CQ4	ISS03	False
62	CQ5	ISS04	False
62	CQ6	ISS05	False
62	CQ7	ISS06	False
62	Kibo	ISS09	True
62	Dragon	ISS07	True
62	Airlock	ISS08	True
63	CQ1	ISS00	False
63	CQ2	ISS01	False
63	CQ3	ISS02	False
63	CQ4	ISS03	False
63	CQ5	ISS04	False
63	CQ6	ISS05	False
63	CQ7	ISS06	False
63	Kibo	ISS07	True
63	Dragon	ISS08	True
63	Airlock	ISS09	True
64	CQ1	ISS00	False
64	CQ2	ISS01	False
64	CQ3	ISS02	False
64	CQ4	ISS03	False
64	CQ5	ISS04	False
64	CQ6	ISS05	False
64	CQ7	ISS06	False
64	Kibo	ISS08	True
64	Dragon	ISS09	True
64	Airlock	ISS07	True
65	CQ1	ISS00	False
65	CQ2	ISS01	False
65	CQ3	ISS02	False
65	CQ4	ISS03	False
65	CQ5	ISS04	False
65	CQ6	ISS05	False
65	CQ7	ISS06	False
65	Kibo	ISS09	True
65	Dragon	ISS07	True
65	Airlock	ISS08	True
66	CQ1	ISS00	False
66	CQ2	ISS01	False
66	CQ3	ISS02	False
66	CQ4	ISS03	False
66	CQ5	ISS04	False
66	CQ6	ISS05	False
66	CQ7	ISS06	False
66	Kibo	ISS07	True
66	Dragon	ISS08	True
66	Airlock	ISS09	True
67	CQ1	ISS00	False
67	CQ2	ISS01	False
67	CQ3	ISS02	False
67	CQ4	ISS03	False
67	CQ5	ISS04	False
67	CQ6	ISS05	False
67	CQ7	ISS06	False
67	Kibo	ISS08	True
67	Dragon	ISS09	True
67	Airlock	ISS07	True
68	CQ1	ISS00	False
68	CQ2	ISS01	False
68	CQ3	ISS02	False
68	CQ4	ISS03	False
68	CQ5	ISS04	False
68	CQ6	ISS05	False
68	CQ7	ISS06	False
68	Kibo	ISS09	True
68	Dragon	ISS07	True
68	Airlock	ISS08	True
69	CQ1	ISS00	False
69	CQ2	ISS01	False
69	CQ3	ISS02	False
69	CQ4	ISS03	False
69	CQ5	ISS04	False
69	CQ6	ISS05	False
69	CQ7	ISS06	False
69	Kibo	ISS07	True
69	Dragon	ISS08	True
69	Airlock	ISS09	True
70	CQ1	ISS00	False
70	CQ2	ISS01	False
70	CQ3	ISS02	False
70	CQ4	ISS03	False
70	CQ5	ISS04	False
70	CQ6	ISS05	False
70	CQ7	ISS06	False
70	Kibo	ISS08	True
70	Dragon	ISS09	True
70	Airlock	ISS07	True
71	CQ1	ISS00	False
71	CQ2	ISS01	False
71	CQ3	ISS02	False
71	CQ4	ISS03	False
71	CQ5	ISS04	False
71	CQ6	ISS05	False
71	CQ7	ISS06	False
71	Kibo	ISS09	True
71	Dragon	ISS07	True
71	Airlock	ISS08	True
72	CQ1	ISS00	False
72	CQ2	ISS01	False
72	CQ3	ISS02	False
72	CQ4	ISS03	False
72	CQ5	ISS04	False
72	CQ6	ISS05	False
72	CQ7	ISS06	False
72	Kibo	ISS07	True
72	Dragon	ISS08	True
72	Airlock	ISS09	True
73	CQ1	ISS00	False
73	CQ2	ISS01	False
73	CQ3	ISS02	False
73	CQ4	ISS03	False
73	CQ5	ISS04	False
73	CQ6	ISS05	False
73	CQ7	ISS06	False
73	Kibo	ISS08	True
73	Dragon	ISS09	True
73	Airlock	ISS07	True
74	CQ1	ISS00	False
74	CQ2	ISS01	False
74	CQ3	ISS02	False
74	CQ4	ISS03	False
74	CQ5	ISS04	False
74	CQ6	ISS05	False
74	CQ7	ISS06	False
74	Kibo	ISS09	True
74	Dragon	ISS07	True
74	Airlock	ISS08	True
75	CQ1	ISS00	False
75	CQ2	ISS01	False
75	CQ3	ISS02	False
75	CQ4	ISS03	False
75	CQ5	ISS04	False
75	CQ6	ISS05	False
75	CQ7	ISS06	False
75	Kibo	ISS07	True
75	Dragon	ISS08	True
75	Airlock	ISS09	True
76	CQ1	ISS00	False
76	CQ2	ISS01	False
76	CQ3	ISS02	False
76	CQ4	ISS03	False
76	CQ5	ISS04	False
76	CQ6	ISS05	False
76	CQ7	ISS06	False
76	Kibo	ISS08	True
76	Dragon	ISS09	True
76	Airlock	ISS07	True
77	CQ1	ISS00	False
77	CQ2	ISS01	False
77	CQ3	ISS02	False
77	CQ4	ISS03	False
77	CQ5	ISS04	False
77	CQ6	ISS05	False
77	CQ7	ISS06	False
77	Kibo	ISS09	True
77	Dragon	ISS07	True
77	Airlock	ISS08	True
78	CQ1	ISS00	False
78	CQ2	ISS01	False
78	CQ3	ISS02	False
78	CQ4	ISS03	False
78	CQ5	ISS04	False
78	CQ6	ISS05	False
78	CQ7	ISS06	False
78	Kibo	ISS07	True
78	Dragon	ISS08	True
78	Airlock	ISS09	True
79	CQ1	ISS00	False
79	CQ2	ISS01	False
79	CQ3	ISS02	False
79	CQ4	ISS03	False
79	CQ5	ISS04	False
79	CQ6	ISS05	False
79	CQ7	ISS06	False
79	Kibo	ISS08	True
79	Dragon	ISS09	True
79	Airlock	ISS07	True
80	CQ1	ISS00	False
80	CQ2	ISS01	False
80	CQ3	ISS02	False
80	CQ4	ISS03	False
80	CQ5	ISS04	False
80	CQ6	ISS05	False
80	CQ7	ISS06	False
80	Kibo	ISS09	True
80	Dragon	ISS07	True
80	Airlock	ISS08	True
81	CQ1	ISS00	False
81	CQ2	ISS01	False
81	CQ3	ISS02	False
81	CQ4	ISS03	False
81	CQ5	ISS04	False
81	CQ6	ISS05	False
81	CQ7	ISS06	False
81	Kibo	ISS07	True
81	Dragon	ISS08	True
81	Airlock	ISS09	True
82	CQ1	ISS00	False
82	CQ2	ISS01	False
82	CQ3	ISS02	False
82	CQ4	ISS03	False
82	CQ5	ISS04	False
82	CQ6	ISS05	False
82	CQ7	ISS06	False
82	Kibo	ISS08	True
82	Dragon	ISS09	True
82	Airlock	ISS07	True
83	CQ1	ISS00	False
83	CQ2	ISS01	False
83	CQ3	ISS02	False
83	CQ4	ISS03	False
83	CQ5	ISS04	False
83	CQ6	ISS05	False
83	CQ7	ISS06	False
83	Kibo	ISS09	True
83	Dragon	ISS07	True
83	Airlock	ISS08	True
84	CQ1	ISS00	False
84	CQ2	ISS01	False
84	CQ3	ISS02	False
84	CQ4	ISS03	False
84	CQ5	ISS04	False
84	CQ6	ISS05	False
84	CQ7	ISS06	False
84	Kibo	ISS07	True
84	Dragon	ISS08	True
84	Airlock	ISS09	True
85	CQ1	ISS00	False
85	CQ2	ISS01	False
85	CQ3	ISS02	False
85	CQ4	ISS03	False
85	CQ5	ISS04	False
85	CQ6	ISS05	False
85	CQ7	ISS06	False
85	Kibo	ISS08	True
85	Dragon	ISS09	True
85	Airlock	ISS07	True
86	CQ1	ISS00	False
86	CQ2	ISS01	False
86	CQ3	ISS02	False
86	CQ4	ISS03	False
86	CQ5	ISS04	False
86	CQ6	ISS05	False
86	CQ7	ISS06	False
86	Kibo	ISS09	True
86	Dragon	ISS07	True
86	Airlock	ISS08	True
87	CQ1	ISS00	False
87	CQ2	ISS01	False
87	CQ3	ISS02	False
87	CQ4	ISS03	False
87	CQ5	ISS04	False
87	CQ6	ISS05	False
87	CQ7	ISS06	False
87	Kibo	ISS07	True
87	Dragon	ISS08	True
87	Airlock	ISS09	True
88	CQ1	ISS00	False
88	CQ2	ISS01	False
88	CQ3	ISS02	False
88	CQ4	ISS03	False
88	CQ5	ISS04	False
88	CQ6	ISS05	False
88	CQ7	ISS06	False
88	Kibo	ISS08	True
88	Dragon	ISS09	True
88	Airlock	ISS07	True
89	CQ1	ISS00	False
89	CQ2	ISS01	False
89	CQ3	ISS02	False
89	CQ4	ISS03	False
89	CQ5	ISS04	False
89	CQ6	ISS05	False
89	CQ7	ISS06	False
89	Kibo	ISS09	True
89	Dragon	ISS07	True
89	Airlock	ISS08	True
90	CQ1	ISS00	False
90	CQ2	ISS01	False
90	CQ3	ISS02	False
90	CQ4	ISS03	False
90	CQ5	ISS04	False
90	CQ6	ISS05	False
90	CQ7	ISS06	False
90	Kibo	ISS07	True
90	Dragon	ISS08	True
90	Airlock	ISS09	True
91	CQ1	ISS00	False
91	CQ2	ISS01	False
91	CQ3	ISS02	False
91	CQ4	ISS03	False
91	CQ5	ISS04	False
91	CQ6	ISS05	False
91	CQ7	ISS06	False
91	Kibo	ISS08	True
91	Dragon	ISS09	True
91	Airlock	ISS07	True
92	CQ1	ISS00	False
92	CQ2	ISS01	False
92	CQ3	ISS02	False
92	CQ4	ISS03	False
92	CQ5	ISS04	False
92	CQ6	ISS05	False
92	CQ7	ISS06	False
92	Kibo	ISS09	True
92	Dragon	ISS07	True
92	Airlock	ISS08	True
93	CQ1	ISS00	False
93	CQ2	ISS01	False
93	CQ3	ISS02	False
93	CQ4	ISS03	False
93	CQ5	ISS04	False
93	CQ6	ISS05	False
93	CQ7	ISS06	False
93	Kibo	ISS07	True
93	Dragon	ISS08	True
93	Airlock	ISS09	True
94	CQ1	ISS00	False
94	CQ2	ISS01	False
94	CQ3	ISS02	False
94	CQ4	ISS03	False
94	CQ5	ISS04	False
94	CQ6	ISS05	False
94	CQ7	ISS06	False
94	Kibo	ISS08	True
94	Dragon	ISS09	True
94	Airlock	ISS07	True
95	CQ1	ISS00	False
95	CQ2	ISS01	False
95	CQ3	ISS02	False
95	CQ4	ISS03	False
95	CQ5	ISS04	False
95	CQ6	ISS05	False
95	CQ7	ISS06	False
95	Kibo	ISS09	True
95	Dragon	ISS07	True
95	Airlock	ISS08	True
96	CQ1	ISS00	False
96	CQ2	ISS01	False
96	CQ3	ISS02	False
96	CQ4	ISS03	False
96	CQ5	ISS04	False
96	CQ6	ISS05	False
96	CQ7	ISS06	False
96	Kibo	ISS07	True
96	Dragon	ISS08	True
96	Airlock	ISS09	True
97	CQ1	ISS00	False
97	CQ2	ISS01	False
97	CQ3	ISS02	False
97	CQ4	ISS03	False
97	CQ5	ISS04	False
97	CQ6	ISS05	False
97	CQ7	ISS06	False
97	Kibo	ISS08	True
97	Dragon	ISS09	True
97	Airlock	ISS07	True
98	CQ1	ISS00	False
98	CQ2	ISS01	False
98	CQ3	ISS02	False
98	CQ4	ISS03	False
98	CQ5	ISS04	False
98	CQ6	ISS05	False
98	CQ7	ISS06	False
98	Kibo	ISS09	True
98	Dragon	ISS07	True
98	Airlock	ISS08	True
99	CQ1	ISS00	False
99	CQ2	ISS01	False
99	CQ3	ISS02	False
99	CQ4	ISS03	False
99	CQ5	ISS04	False
99	CQ6	ISS05	False
99	CQ7	ISS06	False
99	Kibo	ISS07	True
99	Dragon	ISS08	True
99	Airlock	ISS09	True
100	CQ1	ISS00	False
100	CQ2	ISS01	False
100	CQ3	ISS02	False
100	CQ4	ISS03	False
100	CQ5	ISS04	False
100	CQ6	ISS05	False
100	CQ7	ISS06	False
100	Kibo	ISS08	True
100	Dragon	ISS09	True
100	Airlock	ISS07	True
